{"directory":"D:/CubeGame/Assets/../config","flipX":true,"flipY":true,"maxDis":2.799999952316284,"width":2.7200000286102297,"height":1.5299999713897706,"offsetX":0.0,"offsetY":1.1200000047683716}